pval	stat	l2fc	absl2fc	padj_holm	padj_hochberg	padj_hommel	padj_bonferroni	padj_BH	padj_BY	padj_fdr	padj_none	Method	Class_where_increased	MedianGenomeComp	SDGenomeComp
LKT__g__Enterocloster	0.000810068225649484	42	2.39054587202122	2.39054587202122	0.224388898504907	0.224388898504907	0.21952848915101	0.224388898504907	0.0882647336310302	0.547509420792088	0.0882647336310302	0.000810068225649484	MannWhitneyWilcoxon	ME/CFS	0.005	0.123621022718891
LKT__s__Ruminococcus_champanellensis	0.00081535309659256	216.5	-4.06732794970841	4.06732794970841	0.225037454659547	0.225037454659547	0.220960689176584	0.225852807756139	0.0882647336310302	0.547509420792088	0.0882647336310302	0.00081535309659256	MannWhitneyWilcoxon	HV	0	0.182137565433206
LKT__s__Blautia_producta	0.0010854944275213	40.5	2.30718242610197	2.30718242610197	0.298510967568358	0.298510967568358	0.284605017989112	0.3006819564234	0.0882647336310302	0.547509420792088	0.0882647336310302	0.0010854944275213	MannWhitneyWilcoxon	ME/CFS	0.01	0.146175711763882
LKT__s__Holdemanella_biformis	0.00161682513008403	211	-5.65887717260856	5.65887717260856	0.443010085643024	0.443010085643024	0.410673583041343	0.447860561033276	0.0882647336310302	0.547509420792088	0.0882647336310302	0.00161682513008403	MannWhitneyWilcoxon	HV	0	0.500407797410949
LKT__s__Clostridium_Unclassified_AF37_5	0.00173763486733625	210	-4.79715846751994	4.79715846751994	0.474374318782797	0.474374318782797	0.439621621436072	0.481324858252142	0.0882647336310302	0.547509420792088	0.0882647336310302	0.00173763486733625	MannWhitneyWilcoxon	HV	0	0.21403854793004
LKT__s__Anaeromassilibacillus_Unclassified_An250	0.00220993098362489	46	3.07346613682531	3.07346613682531	0.60110122754597	0.60110122754597	0.548062883938973	0.612150882464094	0.0882647336310302	0.547509420792088	0.0882647336310302	0.00220993098362489	MannWhitneyWilcoxon	ME/CFS	0.01	0.043212714676093
LKT__s__Prevotella_stercorea	0.00223051673435816	200	-4.01856478058773	4.01856478058773	0.604470035011062	0.604470035011062	0.551945217088834	0.617853135417211	0.0882647336310302	0.547509420792088	0.0882647336310302	0.00223051673435816	MannWhitneyWilcoxon	HV	0	0.162242351576773
LKT__s__Clostridium_scindens	0.00358902679390356	52	2.23805731080648	2.23805731080648	0.969037234353961	0.969037234353961	0.724983412368519	0.994160421911286	0.103288541923026	0.640702661599085	0.103288541923026	0.00358902679390356	MannWhitneyWilcoxon	ME/CFS	0.045	0.247565566421139
LKT__s__Ellagibacter_isourolithinifaciens	0.00378584864230669	203.5	-4.04576204949312	4.04576204949312	1	1	0.7462591254635	1	0.103288541923026	0.640702661599085	0.103288541923026	0.00378584864230669	MannWhitneyWilcoxon	HV	0	0.237405116870149
LKT__s__Barnesiella_intestinihominis	0.00382555814144683	203	-4.87287168227773	4.87287168227773	1	1	0.750927527935695	1	0.103288541923026	0.640702661599085	0.103288541923026	0.00382555814144683	MannWhitneyWilcoxon	HV	0	0.359459720027962
LKT__s__Roseburia_inulinivorans	0.0041017110510949	204	-2.0920134343102	2.0920134343102	1	1	0.781329075742427	1	0.103288541923026	0.640702661599085	0.103288541923026	0.0041017110510949	MannWhitneyWilcoxon	HV	0.195	0.455418984686523
LKT__s__Holdemanella_porci	0.00630971446506308	196.5	-4.17871245957206	4.17871245957206	1	1	0.967773927689447	1	0.145649242235206	0.903467658876721	0.145649242235206	0.00630971446506308	MannWhitneyWilcoxon	HV	0	0.287336033187176
LKT__s__Clostridium_Unclassified_AF36_18BH	0.00731532090871688	199	-3.3927359370483	3.3927359370483	1	1	0.990797626463348	1	0.155872607054967	0.966883570540967	0.155872607054967	0.00731532090871688	MannWhitneyWilcoxon	HV	0.01	0.0687026963362499
LKT__s__Bacteroides_stercoris	0.00884143030352396	196	-3.12620839260255	3.12620839260255	1	1	1	1	0.164893540631912	1	0.164893540631912	0.00884143030352396	MannWhitneyWilcoxon	HV	0.01	0.406375476900128
LKT__s__Clostridium_Unclassified_AM34_9AC	0.00892925310281113	197	-3.48746808609495	3.48746808609495	1	1	1	1	0.164893540631912	1	0.164893540631912	0.00892925310281113	MannWhitneyWilcoxon	HV	0	0.0547566095583226
LKT__s__Oscillibacter_Unclassified_PEA192	0.0113878069873494	60	2.17916168271292	2.17916168271292	1	1	1	1	0.192150701918163	1	0.192150701918163	0.0113878069873494	MannWhitneyWilcoxon	ME/CFS	0.02	0.251754328533759
LKT__s__Clostridium_Unclassified_AM49_4BH	0.011906181256982	194.5	-3.40951460527645	3.40951460527645	1	1	1	1	0.192150701918163	1	0.192150701918163	0.011906181256982	MannWhitneyWilcoxon	HV	0.005	0.245868277086369
LKT__s__Clostridium_spiroforme	0.0172853793893613	64	3.128974238015	3.128974238015	1	1	1	1	0.192150701918163	1	0.192150701918163	0.0172853793893613	MannWhitneyWilcoxon	ME/CFS	0.055	0.366557519800891
LKT__s__Roseburia_intestinalis	0.017682736871519	190	-1.6304210272917	1.6304210272917	1	1	1	1	0.192150701918163	1	0.192150701918163	0.017682736871519	MannWhitneyWilcoxon	HV	0.235	0.367394926826793
LKT__s__Sellimonas_intestinalis	0.0182345423620505	64.5	2.39115899427941	2.39115899427941	1	1	1	1	0.192150701918163	1	0.192150701918163	0.0182345423620505	MannWhitneyWilcoxon	ME/CFS	0.01	0.397540320535682
LKT__s__Waltera_intestinalis	0.0191840980053542	190	-3.11505984311328	3.11505984311328	1	1	1	1	0.192150701918163	1	0.192150701918163	0.0191840980053542	MannWhitneyWilcoxon	HV	0.02	0.263774555499639
LKT__s__Mediterraneibacter_glycyrrhizinilyticus	0.0197173625977051	66	1.85638456919212	1.85638456919212	1	1	1	1	0.192150701918163	1	0.192150701918163	0.0197173625977051	MannWhitneyWilcoxon	ME/CFS	0.05	0.298610863132347
LKT__s__Frisingicoccus_caecimuris	0.0201537167602074	65.5	2.78283318510167	2.78283318510167	1	1	1	1	0.192150701918163	1	0.192150701918163	0.0201537167602074	MannWhitneyWilcoxon	ME/CFS	0.01	0.296570280796328
LKT__s__Kineothrix_Unclassified_MSJ_39	0.0201994831504835	189.5	-3.14940608676055	3.14940608676055	1	1	1	1	0.192150701918163	1	0.192150701918163	0.0201994831504835	MannWhitneyWilcoxon	HV	0.01	0.281181084746743
LKT__s__Ruminococcus_callidus	0.021059696589327	189	-3.31475467180184	3.31475467180184	1	1	1	1	0.192150701918163	1	0.192150701918163	0.021059696589327	MannWhitneyWilcoxon	HV	0.01	0.45147071494352
LKT__s__Streptococcus_thermophilus	0.0211898991838018	66	3.56568571939469	3.56568571939469	1	1	1	1	0.192150701918163	1	0.192150701918163	0.0211898991838018	MannWhitneyWilcoxon	ME/CFS	0.05	0.42730541695003
LKT__s__Eggerthella_lenta	0.0219461293688187	67	2.29453146271443	2.29453146271443	1	1	1	1	0.192150701918163	1	0.192150701918163	0.0219461293688187	MannWhitneyWilcoxon	ME/CFS	0.14	0.43869629071132
LKT__s__Clostridium_Unclassified_MCC334	0.0219461293688187	67	2.27652333237217	2.27652333237217	1	1	1	1	0.192150701918163	1	0.192150701918163	0.0219461293688187	MannWhitneyWilcoxon	ME/CFS	0.13	0.305889600314632
LKT__s__Bilophila_wadsworthia	0.0224973346318281	187.5	-3.96962135635059	3.96962135635059	1	1	1	1	0.192150701918163	1	0.192150701918163	0.0224973346318281	MannWhitneyWilcoxon	HV	0.025	0.243561444853973
LKT__s__Longicatena_caecimuris	0.0232499134099272	67	3.39960681623361	3.39960681623361	1	1	1	1	0.192150701918163	1	0.192150701918163	0.0232499134099272	MannWhitneyWilcoxon	ME/CFS	0.01	0.250894367953862
LKT__s__Faecalibacterium_Unclassified_CLA_AA_H233	0.0234530728899904	188	-2.61530598096309	2.61530598096309	1	1	1	1	0.192150701918163	1	0.192150701918163	0.0234530728899904	MannWhitneyWilcoxon	HV	0.045	0.363783323493
LKT__s__Odoribacter_splanchnicus	0.0241490861197951	187.5	-3.29783578839518	3.29783578839518	1	1	1	1	0.192150701918163	1	0.192150701918163	0.0241490861197951	MannWhitneyWilcoxon	HV	0.01	0.265363414839883
LKT__s__Ruminococcus_gnavus	0.0243833021236976	68	1.78367020601754	1.78367020601754	1	1	1	1	0.192150701918163	1	0.192150701918163	0.0243833021236976	MannWhitneyWilcoxon	ME/CFS	0.21	0.541082770485375
LKT__g__Longicatena	0.0248930539773371	68	3.21131792053326	3.21131792053326	1	1	1	1	0.192150701918163	1	0.192150701918163	0.0248930539773371	MannWhitneyWilcoxon	ME/CFS	0	0.130923749662949
LKT__g__Eggerthella	0.025866767978408	68	2.09562421382086	2.09562421382086	1	1	1	1	0.192150701918163	1	0.192150701918163	0.025866767978408	MannWhitneyWilcoxon	ME/CFS	0.035	0.105188003731568
LKT__s__Parasutterella_excrementihominis	0.025950807046397	68.5	3.87268674630946	3.87268674630946	1	1	1	1	0.192150701918163	1	0.192150701918163	0.025950807046397	MannWhitneyWilcoxon	ME/CFS	0.015	0.337761696628966
LKT__s__Clostridium_Unclassified_AF36_4	0.0266050995891651	186.5	-3.38486769387196	3.38486769387196	1	1	1	1	0.192150701918163	1	0.192150701918163	0.0266050995891651	MannWhitneyWilcoxon	HV	0.005	0.184494732856017
LKT__s__Bacteroides_xylanisolvens	0.0270433296368228	69	2.38399906963187	2.38399906963187	1	1	1	1	0.192150701918163	1	0.192150701918163	0.0270433296368228	MannWhitneyWilcoxon	ME/CFS	0.085	0.291079747414413
LKT__s__Anaeromassilibacillus_Unclassified_Marseille_P3371	0.0270537089343262	68.5	2.24870452013149	2.24870452013149	1	1	1	1	0.192150701918163	1	0.192150701918163	0.0270537089343262	MannWhitneyWilcoxon	ME/CFS	0.01	0.122827902157397
LKT__s__Eubacterium_coprostanoligenes	0.0304636217425319	185	-4.1386092670099	4.1386092670099	1	1	1	1	0.210960580567033	1	0.210960580567033	0.0304636217425319	MannWhitneyWilcoxon	HV	0.015	0.276834059996586
LKT__g__Butyrivibrio	0.0365157121495845	183	-1.8833470781631	1.8833470781631	1	1	1	1	0.246703713791095	1	0.246703713791095	0.0365157121495845	MannWhitneyWilcoxon	HV	0.02	0.040640040640061
LKT__s__Lachnospira_eligens	0.0402244795825064	182	-2.46112463198738	2.46112463198738	1	1	1	1	0.253066476172099	1	0.253066476172099	0.0402244795825064	MannWhitneyWilcoxon	HV	0.665	0.457473668376732
LKT__s__Clostridium_innocuum	0.0402244795825064	73	1.87849164610666	1.87849164610666	1	1	1	1	0.253066476172099	1	0.253066476172099	0.0402244795825064	MannWhitneyWilcoxon	ME/CFS	0.1	0.372229009460401
LKT__s__Ruthenibacterium_lactatiformans	0.0402244795825064	73	1.43893442284723	1.43893442284723	1	1	1	1	0.253066476172099	1	0.253066476172099	0.0402244795825064	MannWhitneyWilcoxon	ME/CFS	0.215	0.370671660420256
LKT__s__Blautia_Unclassified_Marseille_P3201T	0.0414125991855051	73	1.99129361755579	1.99129361755579	1	1	1	1	0.253066476172099	1	0.253066476172099	0.0414125991855051	MannWhitneyWilcoxon	ME/CFS	0.01	0.0776202241271461
LKT__s__Bifidobacterium_adolescentis	0.0420254797975327	179	-3.80016222926032	3.80016222926032	1	1	1	1	0.253066476172099	1	0.253066476172099	0.0420254797975327	MannWhitneyWilcoxon	HV	0	0.425971375685299
LKT__s__Blautia_stercoris	0.0433131829981292	181.5	-1.66935377899103	1.66935377899103	1	1	1	1	0.255271312563442	1	0.255271312563442	0.0433131829981292	MannWhitneyWilcoxon	HV	0.015	0.12835144230563
LKT__g__Collinsella	0.0473777500748053	180.5	-2.35891795522536	2.35891795522536	1	1	1	1	0.273409099390022	1	0.273409099390022	0.0473777500748053	MannWhitneyWilcoxon	HV	0.01	0.0695021176284486
LKT__s__Pseudoflavonifractor_Unclassified_An184	0.0517369225448385	75.5	1.90400974859598	1.90400974859598	1	1	1	1	0.283628777947559	1	0.283628777947559	0.0517369225448385	MannWhitneyWilcoxon	ME/CFS	0.015	0.0756050860211009
LKT__s__Prevotella_copri	0.0529067588990567	179	-4.82102774195346	4.82102774195346	1	1	1	1	0.283628777947559	1	0.283628777947559	0.0529067588990567	MannWhitneyWilcoxon	HV	0	0.687278336699749
LKT__s__Enterocloster_bolteae	0.0532443915280617	76	1.37305184867678	1.37305184867678	1	1	1	1	0.283628777947559	1	0.283628777947559	0.0532443915280617	MannWhitneyWilcoxon	ME/CFS	0.02	0.233359061561584
LKT__s__Anaerotignum_lactatifermentans	0.0532443915280617	76	1.84796959710356	1.84796959710356	1	1	1	1	0.283628777947559	1	0.283628777947559	0.0532443915280617	MannWhitneyWilcoxon	ME/CFS	0.02	0.383725372226443
LKT__s__Agathobaculum_butyriciproducens	0.0582748028928377	178	-1.17981554790077	1.17981554790077	1	1	1	1	0.297066385640687	1	0.297066385640687	0.0582748028928377	MannWhitneyWilcoxon	HV	0.06	0.0846476330099876
LKT__s__Eubacterium_ramulus	0.0589843003979704	178	-2.20542398505166	2.20542398505166	1	1	1	1	0.297066385640687	1	0.297066385640687	0.0589843003979704	MannWhitneyWilcoxon	HV	0.02	0.353201800811907
LKT__s__Roseburia_porci	0.0589843003979704	178	-2.3837469690492	2.3837469690492	1	1	1	1	0.297066385640687	1	0.297066385640687	0.0589843003979704	MannWhitneyWilcoxon	HV	0.025	0.128530387394853
LKT__s__Agathobaculum_Unclassified_NSJ_28	0.0613490600525795	77.5	1.88091922955026	1.88091922955026	1	1	1	1	0.303458743474367	1	0.303458743474367	0.0613490600525795	MannWhitneyWilcoxon	ME/CFS	0	0.0814628106323925
LKT__s__Faecalibacterium_prausnitzii	0.0636809813825402	177	-1.03710106722757	1.03710106722757	1	1	1	1	0.309467225315151	1	0.309467225315151	0.0636809813825402	MannWhitneyWilcoxon	HV	3.09	1.55796483769175
LKT__s__Sutterella_wadsworthensis	0.0677685594087444	171	-2.66607709299362	2.66607709299362	1	1	1	1	0.322430044799745	1	0.322430044799745	0.0677685594087444	MannWhitneyWilcoxon	HV	0	0.25805647668929
LKT__s__Ruminococcus_torques	0.0694811762200394	79	1.29783741913093	1.29783741913093	1	1	1	1	0.322430044799745	1	0.322430044799745	0.0694811762200394	MannWhitneyWilcoxon	ME/CFS	0.415	0.328642736702177
LKT__s__Roseburia_Unclassified_CLA_AA_H209	0.0698404429169122	176	-2.62577563345138	2.62577563345138	1	1	1	1	0.322430044799745	1	0.322430044799745	0.0698404429169122	MannWhitneyWilcoxon	HV	0.02	0.137965853068443
LKT__s__Blautia_obeum	0.0756942446999477	80	0.812807625427218	0.812807625427218	1	1	1	1	0.338182351320734	1	0.338182351320734	0.0756942446999477	MannWhitneyWilcoxon	ME/CFS	1.035	0.480803993160113
LKT__s__Coprococcus_eutactus	0.0756942446999477	175	-2.40531798701892	2.40531798701892	1	1	1	1	0.338182351320734	1	0.338182351320734	0.0756942446999477	MannWhitneyWilcoxon	HV	0.015	0.225137726664684
LKT__g__Alistipes	0.085701822081385	173.5	-1.71662147340419	1.71662147340419	1	1	1	1	0.369745314849438	1	0.369745314849438	0.085701822081385	MannWhitneyWilcoxon	HV	0.1	0.159077164781243
LKT__s__Anaerotignum_faecicola	0.0880849630939083	173	-1.85859492857463	1.85859492857463	1	1	1	1	0.369745314849438	1	0.369745314849438	0.0880849630939083	MannWhitneyWilcoxon	HV	0	0.07006261600376
LKT__s__Pseudoruminococcus_massiliensis	0.0887954977644897	172.5	-1.31959363660239	1.31959363660239	1	1	1	1	0.369745314849438	1	0.369745314849438	0.0887954977644897	MannWhitneyWilcoxon	HV	0	0.177054757340135
LKT__s__Butyricicoccus_faecihominis	0.0890822747986381	173	-1.83191530199507	1.83191530199507	1	1	1	1	0.369745314849438	1	0.369745314849438	0.0890822747986381	MannWhitneyWilcoxon	HV	0.02	0.132809286014243
LKT__g__Roseburia	0.0894329822921024	173	-1.18949091597028	1.18949091597028	1	1	1	1	0.369745314849438	1	0.369745314849438	0.0894329822921024	MannWhitneyWilcoxon	HV	0.105	0.091883845854602
LKT__s__Roseburia_Unclassified_CLA_AA_H204	0.0925419399180746	172.5	-2.54524062572918	2.54524062572918	1	1	1	1	0.372590825772787	1	0.372590825772787	0.0925419399180746	MannWhitneyWilcoxon	HV	0.01	0.092609460082511
LKT__g__Coprococcus	0.0928114331347375	172.5	-1.21247935082721	1.21247935082721	1	1	1	1	0.372590825772787	1	0.372590825772787	0.0928114331347375	MannWhitneyWilcoxon	HV	0.015	0.0582230139621671
LKT__g__Parabacteroides	0.0964786496242779	172	-2.08439295231337	2.08439295231337	1	1	1	1	0.373163800103344	1	0.373163800103344	0.0964786496242779	MannWhitneyWilcoxon	HV	0.11	0.217440203126018
LKT__s__Roseburia_faecis	0.0969956447922049	172	-2.08680761613608	2.08680761613608	1	1	1	1	0.373163800103344	1	0.373163800103344	0.0969956447922049	MannWhitneyWilcoxon	HV	0.225	0.492347487438594
LKT__g__Ruminococcus	0.0969956447922049	172	-0.63231566687322	0.63231566687322	1	1	1	1	0.373163800103344	1	0.373163800103344	0.0969956447922049	MannWhitneyWilcoxon	HV	0.16	0.142774565707283
LKT__s__Blautia_Unclassified_MSK22_86	0.0993580522477955	171.5	-4.02714278158302	4.02714278158302	1	1	1	1	0.377016170858073	1	0.377016170858073	0.0993580522477955	MannWhitneyWilcoxon	HV	0.065	0.0493741067701973
LKT__s__Senegalimassilia_anaerobia	0.104692141916232	169.5	-2.56594147054288	2.56594147054288	1	1	1	1	0.387966375471008	1	0.387966375471008	0.104692141916232	MannWhitneyWilcoxon	HV	0	0.249718995298522
LKT__s__Clostridium_Unclassified_AF34_10BH	0.105045047510201	171	-1.6919441890527	1.6919441890527	1	1	1	1	0.387966375471008	1	0.387966375471008	0.105045047510201	MannWhitneyWilcoxon	HV	0.01	0.0811609313290178
LKT__s__Butyricicoccus_Unclassified_BIOML_A1	0.108317885831416	170.5	-2.10036175897783	2.10036175897783	1	1	1	1	0.394790189148714	1	0.394790189148714	0.108317885831416	MannWhitneyWilcoxon	HV	0.04	0.156729425773292
LKT__s__Waltera_Unclassified_CLA_AA_H273	0.112665356678614	170	-1.92550589143559	1.92550589143559	1	1	1	1	0.40342144147841	1	0.40342144147841	0.112665356678614	MannWhitneyWilcoxon	HV	0.01	0.082691005673863
LKT__s__Subdoligranulum_Unclassified_APC924_74	0.113598817456014	170	-1.38505364748686	1.38505364748686	1	1	1	1	0.40342144147841	1	0.40342144147841	0.113598817456014	MannWhitneyWilcoxon	HV	0.79	0.387961873542466
LKT__s__Methanobrevibacter_smithii	0.116128157652042	161	-2.12767308331757	2.12767308331757	1	1	1	1	0.407183540121718	1	0.407183540121718	0.116128157652042	MannWhitneyWilcoxon	HV	0	0.399149170716752
LKT__s__Dysosmobacter_Unclassified_BX15	0.121385928541444	169	-2.56638379872753	2.56638379872753	1	1	1	1	0.417841323169804	1	0.417841323169804	0.121385928541444	MannWhitneyWilcoxon	HV	0.03	0.206521692994754
LKT__s__Flavonifractor_plautii	0.122674712445701	86	0.621617377844217	0.621617377844217	1	1	1	1	0.417841323169804	1	0.417841323169804	0.122674712445701	MannWhitneyWilcoxon	ME/CFS	0.365	0.392735957429498
LKT__s__Pseudoflavonifractor_Unclassified_MSJ_30	0.125993843584685	168.5	-2.26933820788278	2.26933820788278	1	1	1	1	0.417841323169804	1	0.417841323169804	0.125993843584685	MannWhitneyWilcoxon	HV	0.035	0.323927355207326
LKT__s__Phocaeicola_coprocola	0.128508025754012	168	-1.90343346539798	1.90343346539798	1	1	1	1	0.417841323169804	1	0.417841323169804	0.128508025754012	MannWhitneyWilcoxon	HV	0	0.161872859308301
LKT__s__Parabacteroides_merdae	0.13020703018946	168	-2.33568595483501	2.33568595483501	1	1	1	1	0.417841323169804	1	0.417841323169804	0.13020703018946	MannWhitneyWilcoxon	HV	0.01	0.343999103290279
LKT__s__Phocaeicola_plebeius	0.130772187805958	168	-1.34977372644977	1.34977372644977	1	1	1	1	0.417841323169804	1	0.417841323169804	0.130772187805958	MannWhitneyWilcoxon	HV	0	0.267863221897224
LKT__g__Faecalibacterium	0.132289503946386	168	-0.66634355993529	0.66634355993529	1	1	1	1	0.417841323169804	1	0.417841323169804	0.132289503946386	MannWhitneyWilcoxon	HV	0.205	0.140379310464369
LKT__s__Clostridium_symbiosum	0.132289503946386	87	0.768794236957894	0.768794236957894	1	1	1	1	0.417841323169804	1	0.417841323169804	0.132289503946386	MannWhitneyWilcoxon	ME/CFS	0.03	0.237581904383147
LKT__s__Clostridium_Unclassified_MCC328	0.134504139495865	167.5	-1.81256363578302	1.81256363578302	1	1	1	1	0.417841323169804	1	0.417841323169804	0.134504139495865	MannWhitneyWilcoxon	HV	0.01	0.0786728372602682
LKT__s__Eubacterium_ventriosum	0.135724859594613	167.5	-2.08352840375767	2.08352840375767	1	1	1	1	0.417841323169804	1	0.417841323169804	0.135724859594613	MannWhitneyWilcoxon	HV	0.035	0.342354277924058
LKT__s__Blautia_Unclassified_OF03_15BH	0.135760718719431	167.5	-1.36645492707708	1.36645492707708	1	1	1	1	0.417841323169804	1	0.417841323169804	0.135760718719431	MannWhitneyWilcoxon	HV	0.03	0.192885558582485
LKT__s__Bifidobacterium_breve	0.142778887638081	89	2.30158153001434	2.30158153001434	1	1	1	1	0.434612657975257	1	0.434612657975257	0.142778887638081	MannWhitneyWilcoxon	ME/CFS	0	0.199434432187462
LKT__s__Blautia_caecimuris	0.151216606394124	89	2.04806952377398	2.04806952377398	1	1	1	1	0.447504549592312	1	0.447504549592312	0.151216606394124	MannWhitneyWilcoxon	ME/CFS	0.005	0.369855982215572
LKT__s__Blautia_Unclassified_An249	0.151254085891445	89	1.22034102762797	1.22034102762797	1	1	1	1	0.447504549592312	1	0.447504549592312	0.151254085891445	MannWhitneyWilcoxon	ME/CFS	0.01	0.0551793264231825
LKT__p__Firmicutes	0.153201126516538	89	0.241275009648474	0.241275009648474	1	1	1	1	0.447504549592312	1	0.447504549592312	0.153201126516538	MannWhitneyWilcoxon	ME/CFS	0.285	0.127221786909775
LKT__s__Ruminococcus_Unclassified_210702_SL_1_03	0.155908733466057	165.5	-2.15843179526627	2.15843179526627	1	1	1	1	0.447504549592312	1	0.447504549592312	0.155908733466057	MannWhitneyWilcoxon	HV	0.01	0.0691422096934306
LKT__s__Pseudoflavonifractor_phocaeensis	0.15670736935182	89.5	0.914979412265955	0.914979412265955	1	1	1	1	0.447504549592312	1	0.447504549592312	0.15670736935182	MannWhitneyWilcoxon	ME/CFS	0.03	0.0475095491250392
LKT__s__Pseudoflavonifractor_capillosus	0.15670736935182	89.5	0.914384845723173	0.914384845723173	1	1	1	1	0.447504549592312	1	0.447504549592312	0.15670736935182	MannWhitneyWilcoxon	ME/CFS	0.035	0.181260984094313
LKT__s__Coprococcus_comes	0.164528622785381	165	-0.84290277453442	0.84290277453442	1	1	1	1	0.465045188893374	1	0.465045188893374	0.164528622785381	MannWhitneyWilcoxon	HV	0.92	0.399548005715168
LKT__s__Clostridium_Unclassified_AM34_11AC	0.166496756817594	164.5	-1.17205426071608	1.17205426071608	1	1	1	1	0.465416239491847	1	0.465416239491847	0.166496756817594	MannWhitneyWilcoxon	HV	0	0.0404012136515245
LKT__s__Eisenbergiella_tayi	0.168020303065649	164.5	-1.21885023930956	1.21885023930956	1	1	1	1	0.465416239491847	1	0.465416239491847	0.168020303065649	MannWhitneyWilcoxon	HV	0.01	0.170329081391705
LKT__s__Roseburia_Unclassified_AM59_24XD	0.173764440133248	164	-2.68275816282788	2.68275816282788	1	1	1	1	0.472104104952445	1	0.472104104952445	0.173764440133248	MannWhitneyWilcoxon	HV	0.02	0.0326207434499247
LKT__s__Faecalibacterium_Unclassified_OM04_11BH	0.173843388827254	164	-1.88811227986315	1.88811227986315	1	1	1	1	0.472104104952445	1	0.472104104952445	0.173843388827254	MannWhitneyWilcoxon	HV	0.01	0.0459268352224316
LKT__s__Blautia_Unclassified_Marseille_P3087	0.178978502317585	163.5	-1.46973880782566	1.46973880782566	1	1	1	1	0.478406700610059	1	0.478406700610059	0.178978502317585	MannWhitneyWilcoxon	HV	0	0.0519576440400597
LKT__s__Ruminococcus_Unclassified_AF41_9	0.179618400229047	163.5	-1.59116781596521	1.59116781596521	1	1	1	1	0.478406700610059	1	0.478406700610059	0.179618400229047	MannWhitneyWilcoxon	HV	0.01	0.165896574368179
LKT__s__Acutalibacter_Unclassified_1XD8_33	0.185865643513771	163	-0.877877753250861	0.877877753250861	1	1	1	1	0.484741512558452	1	0.484741512558452	0.185865643513771	MannWhitneyWilcoxon	HV	0	0.101936393039024
LKT__s__Acinetobacter_baumannii	0.185906036936352	163	-1.61230571307968	1.61230571307968	1	1	1	1	0.484741512558452	1	0.484741512558452	0.185906036936352	MannWhitneyWilcoxon	HV	0	0.0436213546401893
LKT__s__Bacteroides_ovatus	0.188996690817014	92	1.54247942175294	1.54247942175294	1	1	1	1	0.484741512558452	1	0.484741512558452	0.188996690817014	MannWhitneyWilcoxon	ME/CFS	0.22	0.326167876822608
LKT__g__Mediterraneibacter	0.188996690817014	92	0.775744742442608	0.775744742442608	1	1	1	1	0.484741512558452	1	0.484741512558452	0.188996690817014	MannWhitneyWilcoxon	ME/CFS	0.025	0.0363104334956932
LKT__s__Collinsella_aerofaciens	0.199000543357571	162	-2.58882209919998	2.58882209919998	1	1	1	1	0.495565913010861	1	0.495565913010861	0.199000543357571	MannWhitneyWilcoxon	HV	0.985	0.615245738342321
LKT__s__Oscillibacter_Unclassified_MSJ_2	0.199000543357571	162	-1.53581111555796	1.53581111555796	1	1	1	1	0.495565913010861	1	0.495565913010861	0.199000543357571	MannWhitneyWilcoxon	HV	0.02	0.0349192617148427
LKT__s__Gordonibacter_urolithinfaciens	0.199082920287782	93	1.06085230216059	1.06085230216059	1	1	1	1	0.495565913010861	1	0.495565913010861	0.199082920287782	MannWhitneyWilcoxon	ME/CFS	0.01	0.245427334689727
LKT__s__Blautia_wexlerae	0.202162267762553	93	0.432143538775349	0.432143538775349	1	1	1	1	0.495565913010861	1	0.495565913010861	0.202162267762553	MannWhitneyWilcoxon	ME/CFS	1.09	0.337850027569974
LKT__s__Evtepia_gabavorous	0.202162267762553	93	0.905282519295417	0.905282519295417	1	1	1	1	0.495565913010861	1	0.495565913010861	0.202162267762553	MannWhitneyWilcoxon	ME/CFS	0.785	0.301873184226156
LKT__c__Actinomycetia	0.205811137511291	161.5	-0.927294981401247	0.927294981401247	1	1	1	1	0.500084956935331	1	0.500084956935331	0.205811137511291	MannWhitneyWilcoxon	HV	0.025	0.0372098993938875
LKT__s__Clostridium_Unclassified_TF08_15	0.208991422442164	161	-1.88440789665622	1.88440789665622	1	1	1	1	0.50258231345011	1	0.50258231345011	0.208991422442164	MannWhitneyWilcoxon	HV	0.005	0.0387506503587463
LKT__g__Bifidobacterium	0.212366249637317	161	-1.46935151717292	1.46935151717292	1	1	1	1	0.50258231345011	1	0.50258231345011	0.212366249637317	MannWhitneyWilcoxon	HV	0.015	0.130049230752646
LKT__s__Fusicatenibacter_Unclassified_CLA_AA_H277	0.212659847931215	161	-0.92275482060923	0.92275482060923	1	1	1	1	0.50258231345011	1	0.50258231345011	0.212659847931215	MannWhitneyWilcoxon	HV	0.025	0.181514406697401
LKT__s__Butyricicoccus_Unclassified_AM42_5AC	0.21780643084989	160.5	-0.941508742888592	0.941508742888592	1	1	1	1	0.50258231345011	1	0.50258231345011	0.21780643084989	MannWhitneyWilcoxon	HV	0	0.159391167744134
LKT__s__Bacteroides_caccae	0.219671640613871	94.5	1.40153891670177	1.40153891670177	1	1	1	1	0.50258231345011	1	0.50258231345011	0.219671640613871	MannWhitneyWilcoxon	ME/CFS	0.165	0.3954167870537
LKT__s__Slackia_isoflavoniconvertens	0.219783006153544	160	-2.24214449886157	2.24214449886157	1	1	1	1	0.50258231345011	1	0.50258231345011	0.219783006153544	MannWhitneyWilcoxon	HV	0.01	0.331494660103929
LKT__s__Gordonibacter_pamelaeae	0.226762664584878	95	1.34627498639355	1.34627498639355	1	1	1	1	0.50258231345011	1	0.50258231345011	0.226762664584878	MannWhitneyWilcoxon	ME/CFS	0.01	0.131625997530148
LKT__s__Clostridium_Unclassified_AT4	0.226847839683508	95	1.74290125836043	1.74290125836043	1	1	1	1	0.50258231345011	1	0.50258231345011	0.226847839683508	MannWhitneyWilcoxon	ME/CFS	0.015	0.290113993168647
LKT__s__Dorea_longicatena	0.230410321862272	160	-0.557430469297234	0.557430469297234	1	1	1	1	0.50258231345011	1	0.50258231345011	0.230410321862272	MannWhitneyWilcoxon	HV	0.96	0.506627746365215
LKT__s__Lachnospira_Unclassified_NSJ_43	0.234061025358353	159.5	-1.52785047155536	1.52785047155536	1	1	1	1	0.50258231345011	1	0.50258231345011	0.234061025358353	MannWhitneyWilcoxon	HV	0.01	0.34337846490613
LKT__s__Anaeromassilibacillus_Unclassified_An200	0.234146802493011	95.5	1.19181287693631	1.19181287693631	1	1	1	1	0.50258231345011	1	0.50258231345011	0.234146802493011	MannWhitneyWilcoxon	ME/CFS	0.03	0.0395488672811979
LKT__s__Ruminococcus_Unclassified_AM31_32	0.234454189120243	156	-1.42661820175523	1.42661820175523	1	1	1	1	0.50258231345011	1	0.50258231345011	0.234454189120243	MannWhitneyWilcoxon	HV	0	0.158090610502434
LKT__s__Clostridium_Unclassified_AM09_51	0.23901080212482	96	2.43720196563443	2.43720196563443	1	1	1	1	0.50258231345011	1	0.50258231345011	0.23901080212482	MannWhitneyWilcoxon	ME/CFS	0	0.12106341646613
LKT__s__Blautia_schinkii	0.241525675002146	159	-1.32425461535502	1.32425461535502	1	1	1	1	0.50258231345011	1	0.50258231345011	0.241525675002146	MannWhitneyWilcoxon	HV	0.01	0.095186044484032
LKT__s__Ruminococcus_Unclassified_AF14_5	0.241525675002146	159	-1.38004113863739	1.38004113863739	1	1	1	1	0.50258231345011	1	0.50258231345011	0.241525675002146	MannWhitneyWilcoxon	HV	0	0.0255267096043694
LKT__s__Vescimonas_coprocola	0.241698312365078	159	-2.20607979062394	2.20607979062394	1	1	1	1	0.50258231345011	1	0.50258231345011	0.241698312365078	MannWhitneyWilcoxon	HV	0.235	0.649982630040864
LKT__s__Anaerostipes_Unclassified_Marseille_Q3525	0.244415577051809	158	-0.74975612941324	0.74975612941324	1	1	1	1	0.50258231345011	1	0.50258231345011	0.244415577051809	MannWhitneyWilcoxon	HV	0	0.0376194334645479
LKT__k__Bacteria	0.245510372996863	159	-0.23534065592308	0.23534065592308	1	1	1	1	0.50258231345011	1	0.50258231345011	0.245510372996863	MannWhitneyWilcoxon	HV	0.265	0.235123294698074
LKT__g__Clostridium	0.245510372996863	159	-0.524616088379772	0.524616088379772	1	1	1	1	0.50258231345011	1	0.50258231345011	0.245510372996863	MannWhitneyWilcoxon	HV	0.49	0.286445823284996
LKT__s__Streptococcus_salivarius	0.249157741198226	96.5	1.31248683384961	1.31248683384961	1	1	1	1	0.50258231345011	1	0.50258231345011	0.249157741198226	MannWhitneyWilcoxon	ME/CFS	0.04	0.33359705629358
LKT__s__Phocaeicola_massiliensis	0.249244577909237	158.5	-1.84986615420747	1.84986615420747	1	1	1	1	0.50258231345011	1	0.50258231345011	0.249244577909237	MannWhitneyWilcoxon	HV	0	0.235673366089321
LKT__s__Blautia_marasmi	0.249287986276309	96.5	1.28051737125404	1.28051737125404	1	1	1	1	0.50258231345011	1	0.50258231345011	0.249287986276309	MannWhitneyWilcoxon	ME/CFS	0.005	0.0964903262742755
LKT__s__Oscillibacter_Unclassified_MSJ_31	0.249331387986122	158.5	-1.4938004334307	1.4938004334307	1	1	1	1	0.50258231345011	1	0.50258231345011	0.249331387986122	MannWhitneyWilcoxon	HV	0.035	0.423114412956606
LKT__g__Faecalibacillus	0.253532370826821	158	-1.53025813548426	1.53025813548426	1	1	1	1	0.50258231345011	1	0.50258231345011	0.253532370826821	MannWhitneyWilcoxon	HV	0.02	0.0656204875560733
LKT__s__Anaerofilum_Unclassified_An201	0.257045548281908	97	0.980467733843864	0.980467733843864	1	1	1	1	0.50258231345011	1	0.50258231345011	0.257045548281908	MannWhitneyWilcoxon	ME/CFS	0.01	0.0308939392740869
LKT__s__Hungatella_hathewayi	0.257220047645865	97	0.806414815053186	0.806414815053186	1	1	1	1	0.50258231345011	1	0.50258231345011	0.257220047645865	MannWhitneyWilcoxon	ME/CFS	0.01	0.156478059371006
LKT__s__Ruminococcus_lactaris	0.261270227930743	158	-1.09863813873627	1.09863813873627	1	1	1	1	0.50258231345011	1	0.50258231345011	0.261270227930743	MannWhitneyWilcoxon	HV	0.055	0.413628709928868
LKT__s__Bacteroides_fragilis	0.261270227930743	97	1.00945315051016	1.00945315051016	1	1	1	1	0.50258231345011	1	0.50258231345011	0.261270227930743	MannWhitneyWilcoxon	ME/CFS	0.06	0.330541924284466
LKT__s__Oscillibacter_Unclassified_ER4	0.261270227930743	158	-1.66264965603549	1.66264965603549	1	1	1	1	0.50258231345011	1	0.50258231345011	0.261270227930743	MannWhitneyWilcoxon	HV	0.05	0.484255331211182
LKT__f__Bacteroidaceae	0.261270227930743	158	-0.412722851554064	0.412722851554064	1	1	1	1	0.50258231345011	1	0.50258231345011	0.261270227930743	MannWhitneyWilcoxon	HV	0.08	0.115758369027902
LKT__s__Alistipes_onderdonkii	0.273288327857885	157	-2.22253942957532	2.22253942957532	1	1	1	1	0.522074943562995	1	0.522074943562995	0.273288327857885	MannWhitneyWilcoxon	HV	0.22	0.400507742263372
LKT__s__Ruminococcus_flavefaciens	0.277695200221055	157	-1.63099429870511	1.63099429870511	1	1	1	1	0.526860071652276	1	0.526860071652276	0.277695200221055	MannWhitneyWilcoxon	HV	0.015	0.248337821096781
LKT__s__Alistipes_communis	0.280228330602904	156.5	-1.80818355827953	1.80818355827953	1	1	1	1	0.528049303244929	1	0.528049303244929	0.280228330602904	MannWhitneyWilcoxon	HV	0.02	0.325568826032025
LKT__s__Faecalibacterium_Unclassified_AF27_11BH	0.290127616736637	156	-2.12754098834611	2.12754098834611	1	1	1	1	0.536611710365813	1	0.536611710365813	0.290127616736637	MannWhitneyWilcoxon	HV	0.05	0.0505045111367419
LKT__s__Alistipes_shahii	0.290171857542497	156	-2.27160575147295	2.27160575147295	1	1	1	1	0.536611710365813	1	0.536611710365813	0.290171857542497	MannWhitneyWilcoxon	HV	0.32	0.399625706937331
LKT__s__Paraprevotella_clara	0.290583958681848	151	-1.81383000740123	1.81383000740123	1	1	1	1	0.536611710365813	1	0.536611710365813	0.290583958681848	MannWhitneyWilcoxon	HV	0	0.289876920489124
LKT__s__Roseburia_Unclassified_BX1005	0.294788506991552	156	-1.89623663214546	1.89623663214546	1	1	1	1	0.537213266030658	1	0.537213266030658	0.294788506991552	MannWhitneyWilcoxon	HV	0.075	0.285422543303444
LKT__s__Anaerobutyricum_soehngenii	0.294788506991552	156	-1.07686467472077	1.07686467472077	1	1	1	1	0.537213266030658	1	0.537213266030658	0.294788506991552	MannWhitneyWilcoxon	HV	0.03	0.284298620547412
LKT__s__Clostridium_paraputrificum	0.298250344212044	155.5	0.286645260656102	0.286645260656102	1	1	1	1	0.539969577429648	1	0.539969577429648	0.298250344212044	MannWhitneyWilcoxon	ME/CFS	0	0.0573613334977942
LKT__s__Parabacteroides_distasonis	0.312552064375283	155	-1.14156177636168	1.14156177636168	1	1	1	1	0.547517502134003	1	0.547517502134003	0.312552064375283	MannWhitneyWilcoxon	HV	0.095	0.354282555359783
LKT__s__Blautia_hansenii	0.312552064375283	100	1.13595800792241	1.13595800792241	1	1	1	1	0.547517502134003	1	0.547517502134003	0.312552064375283	MannWhitneyWilcoxon	ME/CFS	0.02	0.483962870976556
LKT__s__Blautia_glucerasea	0.312552064375283	155	-0.771865356034703	0.771865356034703	1	1	1	1	0.547517502134003	1	0.547517502134003	0.312552064375283	MannWhitneyWilcoxon	HV	0.155	0.260674528248196
LKT__s__Coprococcus_catus	0.312552064375283	155	-0.987660983820981	0.987660983820981	1	1	1	1	0.547517502134003	1	0.547517502134003	0.312552064375283	MannWhitneyWilcoxon	HV	0.545	0.374328296268258
LKT__s__Oscillibacter_Unclassified_MCC667	0.316876982276029	154.5	-1.82643279035785	1.82643279035785	1	1	1	1	0.547517502134003	1	0.547517502134003	0.316876982276029	MannWhitneyWilcoxon	HV	0.04	0.181195625881834
LKT__s__Dialister_invisus	0.31891020983611	102	3.35601746579131	3.35601746579131	1	1	1	1	0.547517502134003	1	0.547517502134003	0.31891020983611	MannWhitneyWilcoxon	ME/CFS	0	0.507892546420675
LKT__s__Ruminococcus_Unclassified_AF19_15	0.322384345239634	154	-0.70505483291262	0.70505483291262	1	1	1	1	0.547517502134003	1	0.547517502134003	0.322384345239634	MannWhitneyWilcoxon	HV	0.02	0.127669874184138
LKT__s__Ruminococcus_Unclassified_NSJ_71	0.325605871633866	154	-1.62281080013891	1.62281080013891	1	1	1	1	0.547517502134003	1	0.547517502134003	0.325605871633866	MannWhitneyWilcoxon	HV	0	0.0628097164766007
LKT__s__Anaeromassilibacillus_Unclassified_D41t1_190614_C2	0.325694739995912	101	0.996200356620727	0.996200356620727	1	1	1	1	0.547517502134003	1	0.547517502134003	0.325694739995912	MannWhitneyWilcoxon	ME/CFS	0.01	0.0522931794109253
LKT__s__Clostridium_Unclassified_AF27_2AA	0.325694739995912	154	-0.939767540476057	0.939767540476057	1	1	1	1	0.547517502134003	1	0.547517502134003	0.325694739995912	MannWhitneyWilcoxon	HV	0.01	0.0384319675404767
LKT__s__Blautia_hydrogenotrophica	0.326049881713178	101	2.18726811535628	2.18726811535628	1	1	1	1	0.547517502134003	1	0.547517502134003	0.326049881713178	MannWhitneyWilcoxon	ME/CFS	0.01	0.395032537451235
LKT__s__Faecalibacterium_Unclassified_Marseille_Q4137	0.326138584303648	154	-1.50698648697377	1.50698648697377	1	1	1	1	0.547517502134003	1	0.547517502134003	0.326138584303648	MannWhitneyWilcoxon	HV	0.01	0.0373302610102953
LKT__s__Blautia_Unclassified_BIOML_A1	0.334774062617794	153.5	-1.5802556124858	1.5802556124858	1	1	1	1	0.553076185066488	1	0.553076185066488	0.334774062617794	MannWhitneyWilcoxon	HV	0.01	0.101851805691311
LKT__s__Dorea_phocaeensis	0.335351064843058	101.5	1.46090348023436	1.46090348023436	1	1	1	1	0.553076185066488	1	0.553076185066488	0.335351064843058	MannWhitneyWilcoxon	ME/CFS	0.01	0.34562472656467
LKT__s__Roseburia_Unclassified_BX0805	0.335439707910361	153.5	-1.56633295605893	1.56633295605893	1	1	1	1	0.553076185066488	1	0.553076185066488	0.335439707910361	MannWhitneyWilcoxon	HV	0.03	0.211358652150106
LKT__s__Ruminococcus_Unclassified_1001270H_150608_F2	0.342913427993938	153	-1.10843730802136	1.10843730802136	1	1	1	1	0.56205337014391	1	0.56205337014391	0.342913427993938	MannWhitneyWilcoxon	HV	0	0.21851312059226
LKT__s__Bifidobacterium_pseudocatenulatum	0.351741506390155	152	-0.722508252569138	0.722508252569138	1	1	1	1	0.573131748647488	1	0.573131748647488	0.351741506390155	MannWhitneyWilcoxon	HV	0	0.438747185451868
LKT__s__Ruminococcus_Unclassified_D40t1_170626_H2	0.354427117619435	152.5	-1.44039888217213	1.44039888217213	1	1	1	1	0.574130477079436	1	0.574130477079436	0.354427117619435	MannWhitneyWilcoxon	HV	0.015	0.0270900529298474
LKT__s__Ruminococcus_Unclassified_BSD2780120874_150323_B10	0.364543059066724	151.5	-1.22493720864401	1.22493720864401	1	1	1	1	0.587083880008619	1	0.587083880008619	0.364543059066724	MannWhitneyWilcoxon	HV	0	0.218185100094451
LKT__s__Bifidobacterium_bifidum	0.368437273754398	151	-1.10269065770009	1.10269065770009	1	1	1	1	0.587350789076405	1	0.587350789076405	0.368437273754398	MannWhitneyWilcoxon	HV	0	0.401712940157922
LKT__s__Slackia_piriformis	0.368949593138247	151.5	-0.96598584605381	0.96598584605381	1	1	1	1	0.587350789076405	1	0.587350789076405	0.368949593138247	MannWhitneyWilcoxon	HV	0	0.238408491608348
LKT__s__Alistipes_Unclassified_An66	0.38783888395336	150.5	-0.622001593102947	0.622001593102947	1	1	1	1	0.607344018483754	1	0.607344018483754	0.38783888395336	MannWhitneyWilcoxon	HV	0	0.176504763254743
LKT__s__Bacteroides_thetaiotaomicron	0.390278827762123	104	0.436053189432716	0.436053189432716	1	1	1	1	0.607344018483754	1	0.607344018483754	0.390278827762123	MannWhitneyWilcoxon	ME/CFS	0.12	0.41371594977324
LKT__s__Lachnospira_pectinoschiza	0.390278827762123	151	-1.00135735528828	1.00135735528828	1	1	1	1	0.607344018483754	1	0.607344018483754	0.390278827762123	MannWhitneyWilcoxon	HV	0.045	0.520188299498829
LKT__s__Roseburia_hominis	0.390278827762123	151	-0.566705880109449	0.566705880109449	1	1	1	1	0.607344018483754	1	0.607344018483754	0.390278827762123	MannWhitneyWilcoxon	HV	0.1	0.380125191601823
LKT__s__Romboutsia_timonensis	0.402276519412571	150	-1.23281767358129	1.23281767358129	1	1	1	1	0.620100937954288	1	0.620100937954288	0.402276519412571	MannWhitneyWilcoxon	HV	0.015	0.325526868223629
LKT__s__Faecalibacillus_Unclassified_MSK20_93	0.404413046886036	150	-1.28834312364507	1.28834312364507	1	1	1	1	0.620100937954288	1	0.620100937954288	0.404413046886036	MannWhitneyWilcoxon	HV	0.035	0.24583444960563
LKT__s__Intestinibacter_bartlettii	0.405192309638	105	1.31811561498555	1.31811561498555	1	1	1	1	0.620100937954288	1	0.620100937954288	0.405192309638	MannWhitneyWilcoxon	ME/CFS	0.01	0.377002048210403
LKT__s__Anaerobutyricum_hallii	0.411354930203263	150	-1.12687287044636	1.12687287044636	1	1	1	1	0.622651998176524	1	0.622651998176524	0.411354930203263	MannWhitneyWilcoxon	HV	0.965	0.500979685377851
LKT__g__Streptococcus	0.411354930203263	105	0.669227272902641	0.669227272902641	1	1	1	1	0.622651998176524	1	0.622651998176524	0.411354930203263	MannWhitneyWilcoxon	ME/CFS	0.08	0.144846971529578
LKT__g__Coprobacillus	0.415865107948446	149.5	-0.940111862142666	0.940111862142666	1	1	1	1	0.626057798378911	1	0.626057798378911	0.415865107948446	MannWhitneyWilcoxon	HV	0.01	0.083913838298963
LKT__s__Akkermansia_muciniphila	0.418706841431174	106.5	1.21612637411256	1.21612637411256	1	1	1	1	0.626928622034786	1	0.626928622034786	0.418706841431174	MannWhitneyWilcoxon	ME/CFS	0	0.522703888294998
LKT__s__Blautia_massiliensis	0.433072544797211	149	-1.93603396120485	1.93603396120485	1	1	1	1	0.638090930366103	1	0.638090930366103	0.433072544797211	MannWhitneyWilcoxon	HV	0.7	0.346312225106283
LKT__f__Oscillospiraceae	0.433072544797211	106	0.420582096512124	0.420582096512124	1	1	1	1	0.638090930366103	1	0.638090930366103	0.433072544797211	MannWhitneyWilcoxon	ME/CFS	0.3	0.230762891507223
LKT__s__Eisenbergiella_massiliensis	0.433072544797211	106	0.662822570594764	0.662822570594764	1	1	1	1	0.638090930366103	1	0.638090930366103	0.433072544797211	MannWhitneyWilcoxon	ME/CFS	0.01	0.211132697915392
LKT__s__Vescimonas_fastidiosa	0.438808248599386	148.5	-0.895020300047749	0.895020300047749	1	1	1	1	0.643121083926085	1	0.643121083926085	0.438808248599386	MannWhitneyWilcoxon	HV	0.05	0.250393239113097
LKT__s__Bifidobacterium_longum	0.449513846859388	148	-1.19679753846268	1.19679753846268	1	1	1	1	0.645933172482665	1	0.645933172482665	0.449513846859388	MannWhitneyWilcoxon	HV	0.02	0.538476700756926
LKT__s__Blautia_Unclassified_DFI_9_9	0.449513846859388	107	1.22270178562739	1.22270178562739	1	1	1	1	0.645933172482665	1	0.645933172482665	0.449513846859388	MannWhitneyWilcoxon	ME/CFS	0.04	0.165512096332135
LKT__s__Bacteroides_finegoldii	0.450012986171442	148	-0.801014517643615	0.801014517643615	1	1	1	1	0.645933172482665	1	0.645933172482665	0.450012986171442	MannWhitneyWilcoxon	HV	0.01	0.156900099200199
LKT__g__Butyricicoccus	0.450054520899474	148	-0.903467915432906	0.903467915432906	1	1	1	1	0.645933172482665	1	0.645933172482665	0.450054520899474	MannWhitneyWilcoxon	HV	0.065	0.151044415065836
LKT__s__Faecalibacillus_Unclassified_H12	0.458981594963591	147.5	-1.00087698115338	1.00087698115338	1	1	1	1	0.65434383685828	1	0.65434383685828	0.458981594963591	MannWhitneyWilcoxon	HV	0.025	0.186131023917337
LKT__s__Negativibacillus_massiliensis	0.46063916313128	107.5	1.20401895828291	1.20401895828291	1	1	1	1	0.65434383685828	1	0.65434383685828	0.46063916313128	MannWhitneyWilcoxon	ME/CFS	0.01	0.186166765337235
LKT__s__Phascolarctobacterium_faecium	0.464727121620385	147	-1.95249214231912	1.95249214231912	1	1	1	1	0.656782717800238	1	0.656782717800238	0.464727121620385	MannWhitneyWilcoxon	HV	0	0.487615060863223
LKT__s__Lacticaseibacillus_rhamnosus	0.484394622608452	146.5	-1.76359638068971	1.76359638068971	1	1	1	1	0.678167727003351	1	0.678167727003351	0.484394622608452	MannWhitneyWilcoxon	HV	0.04	0.0343605174770451
LKT__s__Hydrogeniiclostidium_mannosilyticum	0.484755270565573	108.5	0.716275823693737	0.716275823693737	1	1	1	1	0.678167727003351	1	0.678167727003351	0.484755270565573	MannWhitneyWilcoxon	ME/CFS	0.04	0.191365793535532
LKT__s__Anaeromassilibacillus_Unclassified_An172	0.496083025102212	109	0.621092500111817	0.621092500111817	1	1	1	1	0.690527627906095	1	0.690527627906095	0.496083025102212	MannWhitneyWilcoxon	ME/CFS	0.01	0.137593077001387
LKT__s__Bacteroides_nordii	0.520397460944205	110	1.29390845927715	1.29390845927715	1	1	1	1	0.717639404242734	1	0.717639404242734	0.520397460944205	MannWhitneyWilcoxon	ME/CFS	0	0.296079047585868
LKT__s__Adlercreutzia_equolifaciens	0.520741950371081	145	-1.14007327460799	1.14007327460799	1	1	1	1	0.717639404242734	1	0.717639404242734	0.520741950371081	MannWhitneyWilcoxon	HV	0.49	0.370864291325877
LKT__s__Ruminococcus_bromii	0.526093740764027	145	-1.935998505751	1.935998505751	1	1	1	1	0.721425575206116	1	0.721425575206116	0.526093740764027	MannWhitneyWilcoxon	HV	0.135	0.458269888081882
LKT__s__Bacteroides_faecis	0.533190941665538	144.5	-0.749898204237218	0.749898204237218	1	1	1	1	0.72398966098703	1	0.72398966098703	0.533190941665538	MannWhitneyWilcoxon	HV	0.01	0.155821185772294
LKT__s__Bacteroides_intestinalis	0.533190941665538	144.5	-1.08541069811975	1.08541069811975	1	1	1	1	0.72398966098703	1	0.72398966098703	0.533190941665538	MannWhitneyWilcoxon	HV	0.01	0.195091996495946
LKT__s__Butyricicoccus_pullicaecorum	0.545560763900548	111	0.439445928438474	0.439445928438474	1	1	1	1	0.737172349270497	1	0.737172349270497	0.545560763900548	MannWhitneyWilcoxon	ME/CFS	0.01	0.0624241475195968
LKT__s__Bacteroides_uniformis	0.576054470642438	143	-0.536600751150575	0.536600751150575	1	1	1	1	0.767149463307477	1	0.767149463307477	0.576054470642438	MannWhitneyWilcoxon	HV	0.77	0.363998847924444
LKT__s__Mediterraneibacter_faecis	0.576054470642438	112	0.512071448966395	0.512071448966395	1	1	1	1	0.767149463307477	1	0.767149463307477	0.576054470642438	MannWhitneyWilcoxon	ME/CFS	0.625	0.322603915491307
LKT__s__Lacrimispora_saccharolytica	0.576054470642438	143	-0.301384307300086	0.301384307300086	1	1	1	1	0.767149463307477	1	0.767149463307477	0.576054470642438	MannWhitneyWilcoxon	HV	0.04	0.1751635180753
LKT__s__Acutalibacter_muris	0.596557102620247	142	-0.964455026262158	0.964455026262158	1	1	1	1	0.772745757921292	1	0.772745757921292	0.596557102620247	MannWhitneyWilcoxon	HV	0.01	0.0288488832455631
LKT__s__Clostridium_Unclassified_AM33_3	0.596826695367482	142	-0.511863843931986	0.511863843931986	1	1	1	1	0.772745757921292	1	0.772745757921292	0.596826695367482	MannWhitneyWilcoxon	HV	0.01	0.0397560606051292
LKT__s__Mogibacterium_Unclassified_NSJ_24	0.596894009469502	113	0.200895384088847	0.200895384088847	1	1	1	1	0.772745757921292	1	0.772745757921292	0.596894009469502	MannWhitneyWilcoxon	ME/CFS	0.01	0.0873068143887387
LKT__s__Mogibacterium_Unclassified_BX12	0.59692765392694	113	0.791681381110274	0.791681381110274	1	1	1	1	0.772745757921292	1	0.772745757921292	0.59692765392694	MannWhitneyWilcoxon	ME/CFS	0.01	0.163032935026104
LKT__o__Bacteroidales	0.596994917672045	142	-0.0466653350911793	0.0466653350911793	1	1	1	1	0.772745757921292	1	0.772745757921292	0.596994917672045	MannWhitneyWilcoxon	HV	0.12	0.102535890647947
LKT__s__Phocea_massiliensis	0.596994917672045	113	0.554652114494458	0.554652114494458	1	1	1	1	0.772745757921292	1	0.772745757921292	0.596994917672045	MannWhitneyWilcoxon	ME/CFS	0.025	0.0358705108464752
LKT__s__Anaerostipes_hadrus	0.601823508166686	113	-0.674447472503742	0.674447472503742	1	1	1	1	0.775372612847312	1	0.775372612847312	0.601823508166686	MannWhitneyWilcoxon	HV	1.05	0.459272632329047
LKT__s__CrAss_like_virus_Unclassified	0.618237415523506	140.5	-0.298667475043569	0.298667475043569	1	1	1	1	0.790816490678106	1	0.790816490678106	0.618237415523506	MannWhitneyWilcoxon	HV	0.01	0.673449234142962
LKT__s__Dorea_Unclassified_AF36_15AT	0.623326872937769	114	0.309879965686264	0.309879965686264	1	1	1	1	0.790816490678106	1	0.790816490678106	0.623326872937769	MannWhitneyWilcoxon	ME/CFS	0.025	0.16062378404209
LKT__s__Bacteroides_cellulosilyticus	0.623390578873869	141	-0.765702873915175	0.765702873915175	1	1	1	1	0.790816490678106	1	0.790816490678106	0.623390578873869	MannWhitneyWilcoxon	HV	0	0.350409322861689
LKT__o__Eubacteriales	0.628085299455535	114	0.0652820175412469	0.0652820175412469	1	1	1	1	0.790816490678106	1	0.790816490678106	0.628085299455535	MannWhitneyWilcoxon	ME/CFS	1.035	0.322736378738577
LKT__f__Lachnospiraceae	0.628085299455535	114	0.115398329441257	0.115398329441257	1	1	1	1	0.790816490678106	1	0.790816490678106	0.628085299455535	MannWhitneyWilcoxon	ME/CFS	0.58	0.259697210476032
LKT__s__Faecalibacterium_Unclassified_Marseille_P9312	0.636809627616119	140.5	-0.72063034132246	0.72063034132246	1	1	1	1	0.798173153165904	1	0.798173153165904	0.636809627616119	MannWhitneyWilcoxon	HV	0.02	0.0632168566740069
LKT__s__Phocaeicola_dorei	0.654812590874908	115	0.564980608052957	0.564980608052957	1	1	1	1	0.806147056321553	1	0.806147056321553	0.654812590874908	MannWhitneyWilcoxon	ME/CFS	0.02	0.382208670417006
LKT__s__Blautia_faecis	0.654812590874908	140	-0.27417239571396	0.27417239571396	1	1	1	1	0.806147056321553	1	0.806147056321553	0.654812590874908	MannWhitneyWilcoxon	HV	0.46	0.238567634286448
LKT__s__Lachnoclostridium_Unclassified_210928_DFI_6_3	0.654812590874908	140	-0.826861253714676	0.826861253714676	1	1	1	1	0.806147056321553	1	0.806147056321553	0.654812590874908	MannWhitneyWilcoxon	HV	0.44	0.396817988666129
LKT__s__Enterocloster_clostridioformis	0.654812590874908	115	0.302472449003294	0.302472449003294	1	1	1	1	0.806147056321553	1	0.806147056321553	0.654812590874908	MannWhitneyWilcoxon	ME/CFS	0.02	0.172203169110249
LKT__s__Clostridium_Unclassified_MCC345	0.663366496260876	139.5	-0.410840734258146	0.410840734258146	1	1	1	1	0.813064245417091	1	0.813064245417091	0.663366496260876	MannWhitneyWilcoxon	HV	0	0.103260846497377
LKT__s__Ruminococcus_Unclassified_Marseille_P6503	0.677269564682787	139	-1.00567646345906	1.00567646345906	1	1	1	1	0.82336655371009	1	0.82336655371009	0.677269564682787	MannWhitneyWilcoxon	HV	0.01	0.303702289496081
LKT__s__Clostridium_Unclassified_AM22_11AC	0.677716874533937	139	-0.818324910768741	0.818324910768741	1	1	1	1	0.82336655371009	1	0.82336655371009	0.677716874533937	MannWhitneyWilcoxon	HV	0.01	0.0675820886750137
LKT__s__Dorea_Unclassified_AGR2135	0.691568765026041	116.5	0.594729874472819	0.594729874472819	1	1	1	1	0.832986285080853	1	0.832986285080853	0.691568765026041	MannWhitneyWilcoxon	ME/CFS	0.01	0.0315972640710267
LKT__s__Clostridium_Unclassified_AM32_2	0.691649261980492	138.5	-0.703035732473758	0.703035732473758	1	1	1	1	0.832986285080853	1	0.832986285080853	0.691649261980492	MannWhitneyWilcoxon	HV	0.01	0.0579200993026238
LKT__s__Faecalibacterium_Unclassified_Marseille_Q4896	0.705681650209425	138	-1.06415778105579	1.06415778105579	1	1	1	1	0.846207000467579	1	0.846207000467579	0.705681650209425	MannWhitneyWilcoxon	HV	0.055	0.105211001509869
LKT__g__Oscillibacter	0.719760450651559	117.5	0.352346673761301	0.352346673761301	1	1	1	1	0.859369158752077	1	0.859369158752077	0.719760450651559	MannWhitneyWilcoxon	ME/CFS	0.05	0.0859757795976248
LKT__s__Clostridium_phoceensis	0.733911488371367	118	0.320874670309254	0.320874670309254	1	1	1	1	0.86196378099458	1	0.86196378099458	0.733911488371367	MannWhitneyWilcoxon	ME/CFS	0.035	0.244124299050907
LKT__s__Ruminococcus_bicirculans	0.73393495397638	137	-0.799889196438096	0.799889196438096	1	1	1	1	0.86196378099458	1	0.86196378099458	0.73393495397638	MannWhitneyWilcoxon	HV	0.145	0.302463007602156
LKT__g__Blautia	0.73749247687984	118	0.215006942712314	0.215006942712314	1	1	1	1	0.86196378099458	1	0.86196378099458	0.73749247687984	MannWhitneyWilcoxon	ME/CFS	0.435	0.220199460533751
LKT__g__Bacteroides	0.73749247687984	118	0.27012090929286	0.27012090929286	1	1	1	1	0.86196378099458	1	0.86196378099458	0.73749247687984	MannWhitneyWilcoxon	ME/CFS	0.605	0.405505956362125
LKT__s__Anaerotruncus_colihominis	0.73749247687984	118	0.295148836172516	0.295148836172516	1	1	1	1	0.86196378099458	1	0.86196378099458	0.73749247687984	MannWhitneyWilcoxon	ME/CFS	0.08	0.129540129540194
LKT__g__Dorea	0.74820072321557	118.5	-0.169295941819138	0.169295941819138	1	1	1	1	0.870805043406357	1	0.870805043406357	0.74820072321557	MannWhitneyWilcoxon	HV	0.125	0.0747623924348375
LKT__s__Monoglobus_pectinilyticus	0.761789603207712	136	0.76845337750467	0.76845337750467	1	1	1	1	0.876461593491902	1	0.876461593491902	0.761789603207712	MannWhitneyWilcoxon	ME/CFS	0	0.336663988464808
LKT__s__Faecalibacillus_intestinalis	0.762489872398793	136	-0.685278197916649	0.685278197916649	1	1	1	1	0.876461593491902	1	0.876461593491902	0.762489872398793	MannWhitneyWilcoxon	HV	0.02	0.0978308077012751
LKT__s__Faecalimonas_umbilicata	0.762553227550716	119	-0.160017606816939	0.160017606816939	1	1	1	1	0.876461593491902	1	0.876461593491902	0.762553227550716	MannWhitneyWilcoxon	HV	0.01	0.0343590505520556
LKT__s__Fusicatenibacter_saccharivorans	0.765778885458233	119	0.492766791109891	0.492766791109891	1	1	1	1	0.8765320300493	1	0.8765320300493	0.765778885458233	MannWhitneyWilcoxon	ME/CFS	0.79	0.303286932968892
LKT__s__Faecalibacillus_faecis	0.776868349140634	135.5	-0.592530816931059	0.592530816931059	1	1	1	1	0.881981853357392	1	0.881981853357392	0.776868349140634	MannWhitneyWilcoxon	HV	0.01	0.299897159792508
LKT__s__Blautia_Unclassified_DFI_4_84	0.776908202957414	119.5	0.265990626257719	0.265990626257719	1	1	1	1	0.881981853357392	1	0.881981853357392	0.776908202957414	MannWhitneyWilcoxon	ME/CFS	0.03	0.134332279405668
LKT__s__Tyzzerella_nexilis	0.791462525056245	120	0.403029857308609	0.403029857308609	1	1	1	1	0.887262379758489	1	0.887262379758489	0.791462525056245	MannWhitneyWilcoxon	ME/CFS	0.01	0.311334277358059
LKT__s__Hydrogenoanaerobacterium_saccharovorans	0.791499874778583	135	-0.558838604822308	0.558838604822308	1	1	1	1	0.887262379758489	1	0.887262379758489	0.791499874778583	MannWhitneyWilcoxon	HV	0.01	0.0345477696399749
LKT__s__Cyclospora_cayetanensis	0.794372094513015	135	-0.312249412299168	0.312249412299168	1	1	1	1	0.887262379758489	1	0.887262379758489	0.794372094513015	MannWhitneyWilcoxon	HV	0.06	0.0449686270565918
LKT__s__Roseburia_Unclassified_MSJ_14	0.794372094513015	135	-0.964872527930716	0.964872527930716	1	1	1	1	0.887262379758489	1	0.887262379758489	0.794372094513015	MannWhitneyWilcoxon	HV	0.025	0.0373950143304451
LKT__s__Dorea_formicigenerans	0.806084526007078	134.5	-0.195756491391302	0.195756491391302	1	1	1	1	0.896728569092212	1	0.896728569092212	0.806084526007078	MannWhitneyWilcoxon	HV	0.37	0.316959948370402
LKT__s__Escherichia_coli	0.82073693829174	121	0.721776046113779	0.721776046113779	1	1	1	1	0.897781279120231	1	0.897781279120231	0.82073693829174	MannWhitneyWilcoxon	ME/CFS	0.01	0.261323978567206
LKT__g__Eubacterium	0.82073693829174	121	-0.0184035914380956	0.0184035914380956	1	1	1	1	0.897781279120231	1	0.897781279120231	0.82073693829174	MannWhitneyWilcoxon	HV	0.02	0.098562244947202
LKT__s__Phocaeicola_vulgatus	0.8232362631644	134	-0.207521585804326	0.207521585804326	1	1	1	1	0.897781279120231	1	0.897781279120231	0.8232362631644	MannWhitneyWilcoxon	HV	0.47	0.420182372079615
LKT__s__Gemmiger_formicilis	0.8232362631644	134	-0.229889796488283	0.229889796488283	1	1	1	1	0.897781279120231	1	0.897781279120231	0.8232362631644	MannWhitneyWilcoxon	HV	1.045	0.679940402986102
LKT__s__Blautia_Unclassified_MCC289	0.8232362631644	134	-0.596924258142872	0.596924258142872	1	1	1	1	0.897781279120231	1	0.897781279120231	0.8232362631644	MannWhitneyWilcoxon	HV	0.02	0.0587469971778929
LKT__s__Blautia_Unclassified_MSK_20_85	0.864793084561373	132.5	-0.53941765400203	0.53941765400203	1	1	1	1	0.936012308329409	1	0.936012308329409	0.864793084561373	MannWhitneyWilcoxon	HV	0	0.0714305155265388
LKT__s__Dorea_Unclassified_AM58_8	0.865051086398299	132.5	-0.243224193455326	0.243224193455326	1	1	1	1	0.936012308329409	1	0.936012308329409	0.865051086398299	MannWhitneyWilcoxon	HV	0.03	0.104416581923779
LKT__s__Ruminococcus_Unclassified_AM28_13	0.871728449210796	123	0.572735683492508	0.572735683492508	1	1	1	1	0.939567239032648	1	0.939567239032648	0.871728449210796	MannWhitneyWilcoxon	ME/CFS	0	0.0327687400212557
LKT__s__Ruminococcus_Unclassified_AF34_12	0.894260829480241	131.5	-0.509873666316028	0.509873666316028	1	1	1	1	0.957009744740465	1	0.957009744740465	0.894260829480241	MannWhitneyWilcoxon	HV	0.01	0.123098439496411
LKT__o__Erysipelotrichales	0.894821385876463	123.5	0.370839444982687	0.370839444982687	1	1	1	1	0.957009744740465	1	0.957009744740465	0.894821385876463	MannWhitneyWilcoxon	ME/CFS	0.025	0.0967683465975616
LKT__s__Anaerotruncus_massiliensis	0.907803317274704	131	0.549041791345014	0.549041791345014	1	1	1	1	0.958223899905902	1	0.958223899905902	0.907803317274704	MannWhitneyWilcoxon	ME/CFS	0	0.181447750854957
LKT__s__Ruminococcus_Unclassified_AF16_50	0.907934885200764	124	0.186349091559957	0.186349091559957	1	1	1	1	0.958223899905902	1	0.958223899905902	0.907934885200764	MannWhitneyWilcoxon	ME/CFS	0.01	0.0666720427939821
LKT__s__Enterococcus_faecium	0.909769102272695	131	0.13702093762297	0.13702093762297	1	1	1	1	0.958223899905902	1	0.958223899905902	0.909769102272695	MannWhitneyWilcoxon	ME/CFS	0.01	0.0276188779524954
LKT__s__Intestinimonas_Unclassified_MSJ_38	0.909793811101994	131	-0.112825009518872	0.112825009518872	1	1	1	1	0.958223899905902	1	0.958223899905902	0.909793811101994	MannWhitneyWilcoxon	HV	0.02	0.0872097721292672
LKT__s__Eubacterium_Unclassified_AF19_12LB	0.923904803852181	124.5	0.153255515855976	0.153255515855976	1	1	1	1	0.969400116163084	1	0.969400116163084	0.923904803852181	MannWhitneyWilcoxon	ME/CFS	0	0.123304223170226
LKT__s__Alistipes_putredinis	0.939680641655499	130	-0.295558405602619	0.295558405602619	1	1	1	1	0.974983562548918	1	0.974983562548918	0.939680641655499	MannWhitneyWilcoxon	HV	0.185	0.450225637875055
LKT__s__Alistipes_finegoldii	0.939686179468114	130	-0.351940209495767	0.351940209495767	1	1	1	1	0.974983562548918	1	0.974983562548918	0.939686179468114	MannWhitneyWilcoxon	HV	0.03	0.390214477831971
LKT__s__Enterocloster_aldenensis	0.939785600002025	125	0.0374383867089743	0.0374383867089743	1	1	1	1	0.974983562548918	1	0.974983562548918	0.939785600002025	MannWhitneyWilcoxon	ME/CFS	0	0.107686447465509
LKT__s__Faecalibacterium_Unclassified_An58	0.95474575822938	129.5	-0.578149706419898	0.578149706419898	1	1	1	1	0.983216563144911	1	0.983216563144911	0.95474575822938	MannWhitneyWilcoxon	HV	0	0.0571138859450303
LKT__s__Bacteroides_eggerthii	0.954820416916899	129.5	0.0159720687162327	0.0159720687162327	1	1	1	1	0.983216563144911	1	0.983216563144911	0.954820416916899	MannWhitneyWilcoxon	ME/CFS	0.01	0.292154814240449
LKT__s__Blautia_argi	0.969865804841905	129	0.229991482293521	0.229991482293521	1	1	1	1	0.991347315301021	1	0.991347315301021	0.969865804841905	MannWhitneyWilcoxon	ME/CFS	0.01	0.0992100858231272
LKT__s__Faecalicatena_fissicatena	0.96987408825479	126	-0.110366108598516	0.110366108598516	1	1	1	1	0.991347315301021	1	0.991347315301021	0.96987408825479	MannWhitneyWilcoxon	HV	0.05	0.349843138812516
LKT__s__Lacrimispora_celerecrescens	0.984932977768372	128.5	0.0171333732709176	0.0171333732709176	1	1	1	1	1	1	1	0.984932977768372	MannWhitneyWilcoxon	ME/CFS	0.01	0.0819858121085397
LKT__s__Blautia_luti	1	127	-0.390900943444593	0.390900943444593	1	1	1	1	1	1	1	1	MannWhitneyWilcoxon	HV	0.055	0.117663750001928
LKT__s__Neglecta_timonensis	1	127	0.397547652047771	0.397547652047771	1	1	1	1	1	1	1	1	MannWhitneyWilcoxon	ME/CFS	0.01	0.296253317662109
LKT__s__Intestinimonas_butyriciproducens	1	127	-0.00733855864823538	0.00733855864823538	1	1	1	1	1	1	1	1	MannWhitneyWilcoxon	HV	0.055	0.177817185932359
LKT__s__Oscillibacter_valericigenes	1	127.5	0.357592988015821	0.357592988015821	1	1	1	1	1	1	1	1	MannWhitneyWilcoxon	ME/CFS	0.015	0.254409301602625
LKT__s__Dysosmobacter_welbionis	1	127	-0.40332776758004	0.40332776758004	1	1	1	1	1	1	1	1	MannWhitneyWilcoxon	HV	0.02	0.0381410265098595
